Binance Pair,Currency,Market
ETHBTC,ETH,BTC
LTCBTC,LTC,BTC
BNBBTC,BNB,BTC
NEOBTC,NEO,BTC
QTUMETH,QTUM,ETH
EOSETH,EOS,ETH
SNTETH,SNT,ETH
BNTETH,BNT,ETH
GASBTC,GAS,BTC
BNBETH,BNB,ETH
BTCUSDT,BTC,USDT
ETHUSDT,ETH,USDT
WTCBTC,WTC,BTC
LRCBTC,LRC,BTC
LRCETH,LRC,ETH
QTUMBTC,QTUM,BTC
OMGBTC,OMG,BTC
OMGETH,OMG,ETH
ZRXBTC,ZRX,BTC
ZRXETH,ZRX,ETH
KNCBTC,KNC,BTC
KNCETH,KNC,ETH
FUNETH,FUN,ETH
SNMBTC,SNM,BTC
NEOETH,NEO,ETH
IOTABTC,IOTA,BTC
IOTAETH,IOTA,ETH
LINKBTC,LINK,BTC
LINKETH,LINK,ETH
XVGETH,XVG,ETH
MDABTC,MDA,BTC
MTLBTC,MTL,BTC
MTLETH,MTL,ETH
EOSBTC,EOS,BTC
SNTBTC,SNT,BTC
ETCETH,ETC,ETH
ETCBTC,ETC,BTC
DNTBTC,DNT,BTC
ZECBTC,ZEC,BTC
ZECETH,ZEC,ETH
BNTBTC,BNT,BTC
ASTBTC,AST,BTC
DASHBTC,DASH,BTC
DASHETH,DASH,ETH
OAXBTC,OAX,BTC
BTGBTC,BTG,BTC
REQBTC,REQ,BTC
VIBBTC,VIB,BTC
VIBETH,VIB,ETH
TRXBTC,TRX,BTC
TRXETH,TRX,ETH
POWRBTC,POWR,BTC
POWRETH,POWR,ETH
ARKBTC,ARK,BTC
XRPBTC,XRP,BTC
XRPETH,XRP,ETH
ENJBTC,ENJ,BTC
ENJETH,ENJ,ETH
STORJBTC,STORJ,BTC
BNBUSDT,BNB,USDT
KMDBTC,KMD,BTC
NULSBTC,NULS,BTC
XMRBTC,XMR,BTC
XMRETH,XMR,ETH
AMBBTC,AMB,BTC
BATBTC,BAT,BTC
BATETH,BAT,ETH
NEOUSDT,NEO,USDT
NEOBNB,NEO,BNB
QSPBTC,QSP,BTC
BTSBTC,BTS,BTC
LSKBTC,LSK,BTC
LSKETH,LSK,ETH
MANABTC,MANA,BTC
MANAETH,MANA,ETH
IOTABNB,IOTA,BNB
ADXBTC,ADX,BTC
ADXETH,ADX,ETH
ADABTC,ADA,BTC
ADAETH,ADA,ETH
XLMBTC,XLM,BTC
XLMETH,XLM,ETH
XLMBNB,XLM,BNB
WABIBTC,WABI,BTC
LTCETH,LTC,ETH
LTCUSDT,LTC,USDT
LTCBNB,LTC,BNB
WAVESBTC,WAVES,BTC
WAVESETH,WAVES,ETH
WAVESBNB,WAVES,BNB
GTOBTC,GTO,BTC
ICXBTC,ICX,BTC
ICXETH,ICX,ETH
ELFBTC,ELF,BTC
ELFETH,ELF,ETH
AIONBTC,AION,BTC
AIONETH,AION,ETH
NEBLBTC,NEBL,BTC
BRDBTC,BRD,BTC
BRDETH,BRD,ETH
NAVBTC,NAV,BTC
RLCBTC,RLC,BTC
RLCETH,RLC,ETH
PIVXBTC,PIVX,BTC
IOSTBTC,IOST,BTC
IOSTETH,IOST,ETH
STEEMBTC,STEEM,BTC
STEEMETH,STEEM,ETH
BLZBTC,BLZ,BTC
BLZETH,BLZ,ETH
ZILBTC,ZIL,BTC
ZILETH,ZIL,ETH
ZILBNB,ZIL,BNB
ONTBTC,ONT,BTC
ONTETH,ONT,ETH
QTUMUSDT,QTUM,USDT
XEMBTC,XEM,BTC
WANBTC,WAN,BTC
WANETH,WAN,ETH
QLCBTC,QLC,BTC
SYSBTC,SYS,BTC
GRSBTC,GRS,BTC
ADAUSDT,ADA,USDT
ADABNB,ADA,BNB
LOOMBTC,LOOM,BTC
LOOMETH,LOOM,ETH
XRPUSDT,XRP,USDT
REPBTC,REP,BTC
ZENBTC,ZEN,BTC
ZENETH,ZEN,ETH
ZENBNB,ZEN,BNB
EOSUSDT,EOS,USDT
EOSBNB,EOS,BNB
CVCBTC,CVC,BTC
THETABTC,THETA,BTC
THETAETH,THETA,ETH
THETABNB,THETA,BNB
XRPBNB,XRP,BNB
TUSDUSDT,TUSD,USDT
IOTAUSDT,IOTA,USDT
XLMUSDT,XLM,USDT
IOTXBTC,IOTX,BTC
IOTXETH,IOTX,ETH
QKCBTC,QKC,BTC
QKCETH,QKC,ETH
NXSBTC,NXS,BTC
ENJBNB,ENJ,BNB
DATABTC,DATA,BTC
DATAETH,DATA,ETH
ONTUSDT,ONT,USDT
TRXBNB,TRX,BNB
TRXUSDT,TRX,USDT
ETCUSDT,ETC,USDT
ETCBNB,ETC,BNB
ICXUSDT,ICX,USDT
SCETH,SC,ETH
KEYETH,KEY,ETH
NASBTC,NAS,BTC
NASETH,NAS,ETH
MFTETH,MFT,ETH
DENTETH,DENT,ETH
ARDRBTC,ARDR,BTC
NULSUSDT,NULS,USDT
HOTETH,HOT,ETH
VETBTC,VET,BTC
VETETH,VET,ETH
VETUSDT,VET,USDT
VETBNB,VET,BNB
DOCKBTC,DOCK,BTC
POLYBTC,POLY,BTC
GOBTC,GO,BTC
RVNBTC,RVN,BTC
DCRBTC,DCR,BTC
MITHBTC,MITH,BTC
MITHBNB,MITH,BNB
RENBTC,REN,BTC
USDCUSDT,USDC,USDT
LINKUSDT,LINK,USDT
WAVESUSDT,WAVES,USDT
ONGBTC,ONG,BTC
ONGUSDT,ONG,USDT
HOTUSDT,HOT,USDT
ZILUSDT,ZIL,USDT
ZRXUSDT,ZRX,USDT
FETBNB,FET,BNB
FETBTC,FET,BTC
FETUSDT,FET,USDT
BATUSDT,BAT,USDT
XMRBNB,XMR,BNB
XMRUSDT,XMR,USDT
ZECBNB,ZEC,BNB
ZECUSDT,ZEC,USDT
IOSTUSDT,IOST,USDT
CELRBNB,CELR,BNB
CELRBTC,CELR,BTC
CELRUSDT,CELR,USDT
DASHBNB,DASH,BNB
DASHUSDT,DASH,USDT
OMGUSDT,OMG,USDT
THETAUSDT,THETA,USDT
ENJUSDT,ENJ,USDT
MITHUSDT,MITH,USDT
MATICBNB,MATIC,BNB
MATICBTC,MATIC,BTC
MATICUSDT,MATIC,USDT
ATOMBNB,ATOM,BNB
ATOMBTC,ATOM,BTC
ATOMUSDT,ATOM,USDT
PHBBTC,PHB,BTC
TFUELBTC,TFUEL,BTC
TFUELUSDT,TFUEL,USDT
ONEBNB,ONE,BNB
ONEBTC,ONE,BTC
ONEUSDT,ONE,USDT
FTMBNB,FTM,BNB
FTMBTC,FTM,BTC
FTMUSDT,FTM,USDT
ALGOBNB,ALGO,BNB
ALGOBTC,ALGO,BTC
ALGOUSDT,ALGO,USDT
GTOUSDT,GTO,USDT
DOGEBTC,DOGE,BTC
DOGEUSDT,DOGE,USDT
DUSKBTC,DUSK,BTC
DUSKUSDT,DUSK,USDT
ANKRBNB,ANKR,BNB
ANKRBTC,ANKR,BTC
ANKRUSDT,ANKR,USDT
WINBNB,WIN,BNB
WINUSDT,WIN,USDT
COSBNB,COS,BNB
COSBTC,COS,BTC
COSUSDT,COS,USDT
COCOSBNB,COCOS,BNB
COCOSUSDT,COCOS,USDT
MTLUSDT,MTL,USDT
TOMOBTC,TOMO,BTC
TOMOUSDT,TOMO,USDT
PERLBTC,PERL,BTC
PERLUSDT,PERL,USDT
DENTUSDT,DENT,USDT
MFTUSDT,MFT,USDT
KEYUSDT,KEY,USDT
DOCKUSDT,DOCK,USDT
WANUSDT,WAN,USDT
FUNUSDT,FUN,USDT
CVCUSDT,CVC,USDT
CHZBNB,CHZ,BNB
CHZBTC,CHZ,BTC
CHZUSDT,CHZ,USDT
BANDBTC,BAND,BTC
BANDUSDT,BAND,USDT
BNBBUSD,BNB,BUSD
BTCBUSD,BTC,BUSD
BUSDUSDT,BUSD,USDT
BEAMBTC,BEAM,BTC
BEAMUSDT,BEAM,USDT
XTZBNB,XTZ,BNB
XTZBTC,XTZ,BTC
XTZUSDT,XTZ,USDT
RENUSDT,REN,USDT
RVNUSDT,RVN,USDT
HBARBNB,HBAR,BNB
HBARBTC,HBAR,BTC
HBARUSDT,HBAR,USDT
NKNBTC,NKN,BTC
NKNUSDT,NKN,USDT
XRPBUSD,XRP,BUSD
ETHBUSD,ETH,BUSD
LTCBUSD,LTC,BUSD
LINKBUSD,LINK,BUSD
ETCBUSD,ETC,BUSD
STXBNB,STX,BNB
STXBTC,STX,BTC
STXUSDT,STX,USDT
KAVABNB,KAVA,BNB
KAVABTC,KAVA,BTC
KAVAUSDT,KAVA,USDT
ARPABNB,ARPA,BNB
ARPABTC,ARPA,BTC
ARPAUSDT,ARPA,USDT
TRXBUSD,TRX,BUSD
EOSBUSD,EOS,BUSD
IOTXUSDT,IOTX,USDT
RLCUSDT,RLC,USDT
XLMBUSD,XLM,BUSD
ADABUSD,ADA,BUSD
CTXCBTC,CTXC,BTC
CTXCUSDT,CTXC,USDT
BCHBNB,BCH,BNB
BCHBTC,BCH,BTC
BCHUSDT,BCH,USDT
BCHBUSD,BCH,BUSD
TROYBNB,TROY,BNB
TROYUSDT,TROY,USDT
QTUMBUSD,QTUM,BUSD
VETBUSD,VET,BUSD
VITEBTC,VITE,BTC
VITEUSDT,VITE,USDT
FTTBNB,FTT,BNB
FTTBTC,FTT,BTC
FTTUSDT,FTT,USDT
EURBUSD,EUR,BUSD
EURUSDT,EUR,USDT
OGNBNB,OGN,BNB
OGNBTC,OGN,BTC
OGNUSDT,OGN,USDT
DREPBTC,DREP,BTC
DREPUSDT,DREP,USDT
TCTBTC,TCT,BTC
TCTUSDT,TCT,USDT
WRXBNB,WRX,BNB
WRXBTC,WRX,BTC
WRXUSDT,WRX,USDT
ICXBUSD,ICX,BUSD
BTSUSDT,BTS,USDT
LSKUSDT,LSK,USDT
BNTUSDT,BNT,USDT
BNTBUSD,BNT,BUSD
LTOBTC,LTO,BTC
LTOUSDT,LTO,USDT
ATOMBUSD,ATOM,BUSD
DASHBUSD,DASH,BUSD
NEOBUSD,NEO,BUSD
WAVESBUSD,WAVES,BUSD
XTZBUSD,XTZ,BUSD
BATBUSD,BAT,BUSD
ENJBUSD,ENJ,BUSD
ONTBUSD,ONT,BUSD
RVNBUSD,RVN,BUSD
AIONUSDT,AION,USDT
MBLUSDT,MBL,USDT
COTIBNB,COTI,BNB
COTIBTC,COTI,BTC
COTIUSDT,COTI,USDT
ALGOBUSD,ALGO,BUSD
TOMOBUSD,TOMO,BUSD
XMRBUSD,XMR,BUSD
ZECBUSD,ZEC,BUSD
STPTBTC,STPT,BTC
STPTUSDT,STPT,USDT
WTCUSDT,WTC,USDT
DATABUSD,DATA,BUSD
DATAUSDT,DATA,USDT
SOLBNB,SOL,BNB
SOLBTC,SOL,BTC
SOLUSDT,SOL,USDT
SOLBUSD,SOL,BUSD
CTSIBTC,CTSI,BTC
CTSIUSDT,CTSI,USDT
CTSIBNB,CTSI,BNB
CTSIBUSD,CTSI,BUSD
HIVEBTC,HIVE,BTC
HIVEUSDT,HIVE,USDT
CHRBNB,CHR,BNB
CHRBTC,CHR,BTC
CHRUSDT,CHR,USDT
BTCUPUSDT,BTCUP,USDT
BTCDOWNUSDT,BTCDOWN,USDT
ARDRUSDT,ARDR,USDT
HBARBUSD,HBAR,BUSD
MATICBUSD,MATIC,BUSD
WRXBUSD,WRX,BUSD
ZILBUSD,ZIL,BUSD
MDTBTC,MDT,BTC
MDTUSDT,MDT,USDT
STMXBTC,STMX,BTC
STMXETH,STMX,ETH
STMXUSDT,STMX,USDT
KNCBUSD,KNC,BUSD
KNCUSDT,KNC,USDT
REPUSDT,REP,USDT
LRCBUSD,LRC,BUSD
LRCUSDT,LRC,USDT
IQBUSD,IQ,BUSD
PNTBTC,PNT,BTC
PNTUSDT,PNT,USDT
GBPBUSD,GBP,BUSD
DGBBTC,DGB,BTC
DGBBUSD,DGB,BUSD
COMPBTC,COMP,BTC
COMPBUSD,COMP,BUSD
COMPUSDT,COMP,USDT
SCUSDT,SC,USDT
ZENUSDT,ZEN,USDT
SXPBTC,SXP,BTC
SXPBNB,SXP,BNB
SXPBUSD,SXP,BUSD
SNXBTC,SNX,BTC
SNXBNB,SNX,BNB
SNXBUSD,SNX,BUSD
SNXUSDT,SNX,USDT
ETHUPUSDT,ETHUP,USDT
ETHDOWNUSDT,ETHDOWN,USDT
ADAUPUSDT,ADAUP,USDT
ADADOWNUSDT,ADADOWN,USDT
LINKUPUSDT,LINKUP,USDT
LINKDOWNUSDT,LINKDOWN,USDT
VTHOUSDT,VTHO,USDT
DGBUSDT,DGB,USDT
GBPUSDT,GBP,USDT
STORJBUSD,STORJ,BUSD
SXPUSDT,SXP,USDT
IRISBTC,IRIS,BTC
MKRBTC,MKR,BTC
MKRUSDT,MKR,USDT
MKRBUSD,MKR,BUSD
RUNEBNB,RUNE,BNB
RUNEBTC,RUNE,BTC
RUNEBUSD,RUNE,BUSD
MANABUSD,MANA,BUSD
DOGEBUSD,DOGE,BUSD
ZRXBUSD,ZRX,BUSD
DCRUSDT,DCR,USDT
STORJUSDT,STORJ,USDT
AUDBUSD,AUD,BUSD
FIOBTC,FIO,BTC
FIOBUSD,FIO,BUSD
BNBUPUSDT,BNBUP,USDT
BNBDOWNUSDT,BNBDOWN,USDT
AVABTC,AVA,BTC
AVABUSD,AVA,BUSD
IOTABUSD,IOTA,BUSD
MANAUSDT,MANA,USDT
AUDUSDT,AUD,USDT
BALBTC,BAL,BTC
BALBUSD,BAL,BUSD
YFIBTC,YFI,BTC
YFIBUSD,YFI,BUSD
YFIUSDT,YFI,USDT
BLZBUSD,BLZ,BUSD
BALUSDT,BAL,USDT
BLZUSDT,BLZ,USDT
IRISUSDT,IRIS,USDT
KMDUSDT,KMD,USDT
JSTBTC,JST,BTC
JSTBUSD,JST,BUSD
JSTUSDT,JST,USDT
SRMBNB,SRM,BNB
SRMBTC,SRM,BTC
SRMBUSD,SRM,BUSD
SRMUSDT,SRM,USDT
ANTBNB,ANT,BNB
ANTBTC,ANT,BTC
ANTBUSD,ANT,BUSD
ANTUSDT,ANT,USDT
CRVBTC,CRV,BTC
CRVBUSD,CRV,BUSD
CRVUSDT,CRV,USDT
SANDBNB,SAND,BNB
SANDBTC,SAND,BTC
SANDUSDT,SAND,USDT
SANDBUSD,SAND,BUSD
OCEANBNB,OCEAN,BNB
OCEANBTC,OCEAN,BTC
OCEANBUSD,OCEAN,BUSD
OCEANUSDT,OCEAN,USDT
NMRBTC,NMR,BTC
NMRBUSD,NMR,BUSD
NMRUSDT,NMR,USDT
DOTBNB,DOT,BNB
DOTBTC,DOT,BTC
DOTBUSD,DOT,BUSD
DOTUSDT,DOT,USDT
LUNABUSD,LUNA,BUSD
LUNAUSDT,LUNA,USDT
IDEXBTC,IDEX,BTC
IDEXBUSD,IDEX,BUSD
RSRBNB,RSR,BNB
RSRBUSD,RSR,BUSD
RSRUSDT,RSR,USDT
PAXGBNB,PAXG,BNB
PAXGBTC,PAXG,BTC
PAXGBUSD,PAXG,BUSD
PAXGUSDT,PAXG,USDT
WNXMUSDT,WNXM,USDT
TRBBTC,TRB,BTC
TRBBUSD,TRB,BUSD
TRBUSDT,TRB,USDT
WBTCBTC,WBTC,BTC
WBTCETH,WBTC,ETH
SUSHIBNB,SUSHI,BNB
SUSHIBTC,SUSHI,BTC
SUSHIBUSD,SUSHI,BUSD
SUSHIUSDT,SUSHI,USDT
YFIIBTC,YFII,BTC
YFIIUSDT,YFII,USDT
KSMBNB,KSM,BNB
KSMBTC,KSM,BTC
KSMBUSD,KSM,BUSD
KSMUSDT,KSM,USDT
EGLDBNB,EGLD,BNB
EGLDBTC,EGLD,BTC
EGLDBUSD,EGLD,BUSD
EGLDUSDT,EGLD,USDT
DIABTC,DIA,BTC
DIABUSD,DIA,BUSD
DIAUSDT,DIA,USDT
RUNEUSDT,RUNE,USDT
FIOUSDT,FIO,USDT
UMABTC,UMA,BTC
UMAUSDT,UMA,USDT
TRXUPUSDT,TRXUP,USDT
TRXDOWNUSDT,TRXDOWN,USDT
XRPUPUSDT,XRPUP,USDT
XRPDOWNUSDT,XRPDOWN,USDT
DOTUPUSDT,DOTUP,USDT
DOTDOWNUSDT,DOTDOWN,USDT
BELBNB,BEL,BNB
BELBTC,BEL,BTC
BELBUSD,BEL,BUSD
BELUSDT,BEL,USDT
WINGBTC,WING,BTC
WINGBUSD,WING,BUSD
WINGUSDT,WING,USDT
CREAMBUSD,CREAM,BUSD
UNIBNB,UNI,BNB
UNIBTC,UNI,BTC
UNIBUSD,UNI,BUSD
UNIUSDT,UNI,USDT
NBSUSDT,NBS,USDT
OXTBTC,OXT,BTC
OXTUSDT,OXT,USDT
SUNUSDT,SUN,USDT
AVAXBNB,AVAX,BNB
AVAXBTC,AVAX,BTC
AVAXBUSD,AVAX,BUSD
AVAXUSDT,AVAX,USDT
HNTBTC,HNT,BTC
HNTUSDT,HNT,USDT
BAKEBNB,BAKE,BNB
BURGERBNB,BURGER,BNB
FLMBTC,FLM,BTC
FLMUSDT,FLM,USDT
SCRTBTC,SCRT,BTC
SCRTETH,SCRT,ETH
CAKEBNB,CAKE,BNB
CAKEBUSD,CAKE,BUSD
SPARTABNB,SPARTA,BNB
ORNBTC,ORN,BTC
ORNUSDT,ORN,USDT
UTKBTC,UTK,BTC
UTKUSDT,UTK,USDT
XVSBNB,XVS,BNB
XVSBTC,XVS,BTC
XVSBUSD,XVS,BUSD
XVSUSDT,XVS,USDT
ALPHABNB,ALPHA,BNB
ALPHABTC,ALPHA,BTC
ALPHABUSD,ALPHA,BUSD
ALPHAUSDT,ALPHA,USDT
VIDTBTC,VIDT,BTC
VIDTBUSD,VIDT,BUSD
AAVEBNB,AAVE,BNB
AAVEBTC,AAVE,BTC
AAVEETH,AAVE,ETH
AAVEBUSD,AAVE,BUSD
AAVEUSDT,AAVE,USDT
NEARBNB,NEAR,BNB
NEARBTC,NEAR,BTC
NEARBUSD,NEAR,BUSD
NEARUSDT,NEAR,USDT
FILBNB,FIL,BNB
FILBTC,FIL,BTC
FILBUSD,FIL,BUSD
FILUSDT,FIL,USDT
INJBNB,INJ,BNB
INJBTC,INJ,BTC
INJBUSD,INJ,BUSD
INJUSDT,INJ,USDT
AERGOBTC,AERGO,BTC
AERGOBUSD,AERGO,BUSD
ONEBUSD,ONE,BUSD
AUDIOBTC,AUDIO,BTC
AUDIOBUSD,AUDIO,BUSD
AUDIOUSDT,AUDIO,USDT
CTKBNB,CTK,BNB
CTKBTC,CTK,BTC
CTKBUSD,CTK,BUSD
CTKUSDT,CTK,USDT
AKROUSDT,AKRO,USDT
KP3RBNB,KP3R,BNB
KP3RBUSD,KP3R,BUSD
AXSBNB,AXS,BNB
AXSBTC,AXS,BTC
AXSBUSD,AXS,BUSD
AXSUSDT,AXS,USDT
HARDBNB,HARD,BNB
HARDBTC,HARD,BTC
HARDBUSD,HARD,BUSD
HARDUSDT,HARD,USDT
DNTBUSD,DNT,BUSD
DNTUSDT,DNT,USDT
SLPETH,SLP,ETH
CVPETH,CVP,ETH
CVPBUSD,CVP,BUSD
STRAXBTC,STRAX,BTC
STRAXETH,STRAX,ETH
STRAXBUSD,STRAX,BUSD
STRAXUSDT,STRAX,USDT
FORBTC,FOR,BTC
FORBUSD,FOR,BUSD
UNFIBTC,UNFI,BTC
UNFIBUSD,UNFI,BUSD
UNFIUSDT,UNFI,USDT
FRONTBUSD,FRONT,BUSD
ROSEBTC,ROSE,BTC
ROSEBUSD,ROSE,BUSD
ROSEUSDT,ROSE,USDT
AVAUSDT,AVA,USDT
SYSBUSD,SYS,BUSD
XEMUSDT,XEM,USDT
PROMBNB,PROM,BNB
PROMBUSD,PROM,BUSD
SKLBTC,SKL,BTC
SKLBUSD,SKL,BUSD
SKLUSDT,SKL,USDT
GLMBTC,GLM,BTC
GLMETH,GLM,ETH
GHSTETH,GHST,ETH
GHSTBUSD,GHST,BUSD
DFBUSD,DF,BUSD
GRTBTC,GRT,BTC
GRTETH,GRT,ETH
GRTUSDT,GRT,USDT
JUVBTC,JUV,BTC
JUVBUSD,JUV,BUSD
JUVUSDT,JUV,USDT
PSGBTC,PSG,BTC
PSGBUSD,PSG,BUSD
PSGUSDT,PSG,USDT
1INCHBTC,1INCH,BTC
1INCHUSDT,1INCH,USDT
REEFUSDT,REEF,USDT
OGBTC,OG,BTC
OGUSDT,OG,USDT
ATMBTC,ATM,BTC
ATMUSDT,ATM,USDT
ASRBTC,ASR,BTC
ASRUSDT,ASR,USDT
CELOBTC,CELO,BTC
CELOUSDT,CELO,USDT
RIFBTC,RIF,BTC
RIFUSDT,RIF,USDT
BTCSTBTC,BTCST,BTC
BTCSTBUSD,BTCST,BUSD
BTCSTUSDT,BTCST,USDT
TRUBTC,TRU,BTC
TRUUSDT,TRU,USDT
DEXEETH,DEXE,ETH
DEXEBUSD,DEXE,BUSD
USDCBUSD,USDC,BUSD
TUSDBUSD,TUSD,BUSD
CKBBUSD,CKB,BUSD
CKBUSDT,CKB,USDT
TWTBTC,TWT,BTC
TWTBUSD,TWT,BUSD
TWTUSDT,TWT,USDT
FIROBTC,FIRO,BTC
FIROUSDT,FIRO,USDT
BETHETH,BETH,ETH
PROSETH,PROS,ETH
LITBTC,LIT,BTC
LITBUSD,LIT,BUSD
LITUSDT,LIT,USDT
SFPBTC,SFP,BTC
SFPBUSD,SFP,BUSD
SFPUSDT,SFP,USDT
FXSBTC,FXS,BTC
FXSBUSD,FXS,BUSD
DODOBTC,DODO,BTC
DODOBUSD,DODO,BUSD
DODOUSDT,DODO,USDT
FRONTBTC,FRONT,BTC
CAKEBTC,CAKE,BTC
CAKEUSDT,CAKE,USDT
BAKEBUSD,BAKE,BUSD
UFTETH,UFT,ETH
UFTBUSD,UFT,BUSD
1INCHBUSD,1INCH,BUSD
BANDBUSD,BAND,BUSD
GRTBUSD,GRT,BUSD
IOSTBUSD,IOST,BUSD
OMGBUSD,OMG,BUSD
REEFBUSD,REEF,BUSD
ACMBTC,ACM,BTC
ACMBUSD,ACM,BUSD
ACMUSDT,ACM,USDT
AUCTIONBTC,AUCTION,BTC
AUCTIONBUSD,AUCTION,BUSD
PHABTC,PHA,BTC
PHABUSD,PHA,BUSD
TVKBTC,TVK,BTC
TVKBUSD,TVK,BUSD
BADGERBTC,BADGER,BTC
BADGERBUSD,BADGER,BUSD
BADGERUSDT,BADGER,USDT
FISBTC,FIS,BTC
FISBUSD,FIS,BUSD
FISUSDT,FIS,USDT
OMBTC,OM,BTC
OMBUSD,OM,BUSD
OMUSDT,OM,USDT
PONDBTC,POND,BTC
PONDBUSD,POND,BUSD
PONDUSDT,POND,USDT
DEGOBTC,DEGO,BTC
DEGOBUSD,DEGO,BUSD
DEGOUSDT,DEGO,USDT
ALICEBTC,ALICE,BTC
ALICEBUSD,ALICE,BUSD
ALICEUSDT,ALICE,USDT
CHZBUSD,CHZ,BUSD
BIFIBUSD,BIFI,BUSD
LINABTC,LINA,BTC
LINABUSD,LINA,BUSD
LINAUSDT,LINA,USDT
PERPBTC,PERP,BTC
PERPBUSD,PERP,BUSD
PERPUSDT,PERP,USDT
RAMPBTC,RAMP,BTC
RAMPBUSD,RAMP,BUSD
RAMPUSDT,RAMP,USDT
SUPERBTC,SUPER,BTC
SUPERBUSD,SUPER,BUSD
SUPERUSDT,SUPER,USDT
CFXBTC,CFX,BTC
CFXBUSD,CFX,BUSD
CFXUSDT,CFX,USDT
XVGBUSD,XVG,BUSD
AUTOBTC,AUTO,BTC
AUTOBUSD,AUTO,BUSD
AUTOUSDT,AUTO,USDT
TKOBTC,TKO,BTC
TKOBUSD,TKO,BUSD
TKOUSDT,TKO,USDT
PUNDIXETH,PUNDIX,ETH
PUNDIXUSDT,PUNDIX,USDT
TLMBTC,TLM,BTC
TLMBUSD,TLM,BUSD
TLMUSDT,TLM,USDT
BTGBUSD,BTG,BUSD
BTGUSDT,BTG,USDT
HOTBUSD,HOT,BUSD
MIRBTC,MIR,BTC
MIRBUSD,MIR,BUSD
MIRUSDT,MIR,USDT
BARBTC,BAR,BTC
BARBUSD,BAR,BUSD
BARUSDT,BAR,USDT
FORTHBTC,FORTH,BTC
FORTHBUSD,FORTH,BUSD
FORTHUSDT,FORTH,USDT
EZBTC,EZ,BTC
EZETH,EZ,ETH
BAKEUSDT,BAKE,USDT
BURGERBUSD,BURGER,BUSD
BURGERUSDT,BURGER,USDT
SLPBUSD,SLP,BUSD
SLPUSDT,SLP,USDT
SHIBUSDT,SHIB,USDT
SHIBBUSD,SHIB,BUSD
ICPBTC,ICP,BTC
ICPBNB,ICP,BNB
ICPBUSD,ICP,BUSD
ICPUSDT,ICP,USDT
ARBTC,AR,BTC
ARBNB,AR,BNB
ARBUSD,AR,BUSD
ARUSDT,AR,USDT
POLSBTC,POLS,BTC
POLSBNB,POLS,BNB
POLSBUSD,POLS,BUSD
POLSUSDT,POLS,USDT
MDXBTC,MDX,BTC
MDXBUSD,MDX,BUSD
MDXUSDT,MDX,USDT
MASKBNB,MASK,BNB
MASKBUSD,MASK,BUSD
MASKUSDT,MASK,USDT
LPTBTC,LPT,BTC
LPTBNB,LPT,BNB
LPTBUSD,LPT,BUSD
LPTUSDT,LPT,USDT
AGIXBTC,AGIX,BTC
XVGUSDT,XVG,USDT
CELRBUSD,CELR,BUSD
ATMBUSD,ATM,BUSD
ZENBUSD,ZEN,BUSD
FTMBUSD,FTM,BUSD
THETABUSD,THETA,BUSD
WINBUSD,WIN,BUSD
KAVABUSD,KAVA,BUSD
ATABTC,ATA,BTC
ATABNB,ATA,BNB
ATABUSD,ATA,BUSD
ATAUSDT,ATA,USDT
GTCBTC,GTC,BTC
GTCBUSD,GTC,BUSD
GTCUSDT,GTC,USDT
TORNBTC,TORN,BTC
TORNBUSD,TORN,BUSD
TORNUSDT,TORN,USDT
BAKEBTC,BAKE,BTC
COTIBUSD,COTI,BUSD
SCBUSD,SC,BUSD
CHRBUSD,CHR,BUSD
STMXBUSD,STMX,BUSD
HNTBUSD,HNT,BUSD
FTTBUSD,FTT,BUSD
DOCKBUSD,DOCK,BUSD
ERNBNB,ERN,BNB
ERNBUSD,ERN,BUSD
ERNUSDT,ERN,USDT
KLAYBTC,KLAY,BTC
KLAYBNB,KLAY,BNB
KLAYBUSD,KLAY,BUSD
KLAYUSDT,KLAY,USDT
UTKBUSD,UTK,BUSD
IOTXBUSD,IOTX,BUSD
PHAUSDT,PHA,USDT
BONDBTC,BOND,BTC
BONDBUSD,BOND,BUSD
BONDUSDT,BOND,USDT
MLNBTC,MLN,BTC
MLNBUSD,MLN,BUSD
MLNUSDT,MLN,USDT
DEXEUSDT,DEXE,USDT
LTOBUSD,LTO,BUSD
ADXBUSD,ADX,BUSD
QUICKBTC,QUICK,BTC
QUICKBUSD,QUICK,BUSD
C98USDT,C98,USDT
C98BUSD,C98,BUSD
C98BNB,C98,BNB
C98BTC,C98,BTC
CLVBTC,CLV,BTC
CLVBNB,CLV,BNB
CLVBUSD,CLV,BUSD
CLVUSDT,CLV,USDT
QNTBTC,QNT,BTC
QNTBNB,QNT,BNB
QNTBUSD,QNT,BUSD
QNTUSDT,QNT,USDT
FLOWBTC,FLOW,BTC
FLOWBNB,FLOW,BNB
FLOWBUSD,FLOW,BUSD
FLOWUSDT,FLOW,USDT
XECBUSD,XEC,BUSD
TVKUSDT,TVK,USDT
MINABTC,MINA,BTC
MINABNB,MINA,BNB
MINABUSD,MINA,BUSD
MINAUSDT,MINA,USDT
RAYBNB,RAY,BNB
RAYBUSD,RAY,BUSD
RAYUSDT,RAY,USDT
FARMBTC,FARM,BTC
FARMBUSD,FARM,BUSD
FARMUSDT,FARM,USDT
ALPACABTC,ALPACA,BTC
ALPACABUSD,ALPACA,BUSD
ALPACAUSDT,ALPACA,USDT
QUICKUSDT,QUICK,USDT
ORNBUSD,ORN,BUSD
MBOXBTC,MBOX,BTC
MBOXBNB,MBOX,BNB
MBOXBUSD,MBOX,BUSD
MBOXUSDT,MBOX,USDT
VGXBTC,VGX,BTC
VGXETH,VGX,ETH
FORUSDT,FOR,USDT
REQUSDT,REQ,USDT
GHSTUSDT,GHST,USDT
WAXPUSDT,WAXP,USDT
WAXPBUSD,WAXP,BUSD
WAXPBNB,WAXP,BNB
WAXPBTC,WAXP,BTC
TRIBEBTC,TRIBE,BTC
TRIBEBUSD,TRIBE,BUSD
TRIBEUSDT,TRIBE,USDT
GNOUSDT,GNO,USDT
PROMBTC,PROM,BTC
MTLBUSD,MTL,BUSD
OGNBUSD,OGN,BUSD
XECUSDT,XEC,USDT
POLYBUSD,POLY,BUSD
ELFUSDT,ELF,USDT
DYDXUSDT,DYDX,USDT
DYDXBUSD,DYDX,BUSD
DYDXBNB,DYDX,BNB
DYDXBTC,DYDX,BTC
ELFBUSD,ELF,BUSD
POLYUSDT,POLY,USDT
IDEXUSDT,IDEX,USDT
VIDTUSDT,VIDT,USDT
USDPBUSD,USDP,BUSD
USDPUSDT,USDP,USDT
GALAUSDT,GALA,USDT
GALABUSD,GALA,BUSD
GALABNB,GALA,BNB
GALABTC,GALA,BTC
SUNBUSD,SUN,BUSD
ILVUSDT,ILV,USDT
ILVBUSD,ILV,BUSD
ILVBNB,ILV,BNB
ILVBTC,ILV,BTC
RENBUSD,REN,BUSD
YGGUSDT,YGG,USDT
YGGBUSD,YGG,BUSD
YGGBNB,YGG,BNB
YGGBTC,YGG,BTC
STXBUSD,STX,BUSD
SYSUSDT,SYS,USDT
DFUSDT,DF,USDT
FETBUSD,FET,BUSD
ARPABUSD,ARPA,BUSD
LSKBUSD,LSK,BUSD
FIDAUSDT,FIDA,USDT
FIDABUSD,FIDA,BUSD
FIDABTC,FIDA,BTC
DENTBUSD,DENT,BUSD
FRONTUSDT,FRONT,USDT
CVPUSDT,CVP,USDT
AGLDBTC,AGLD,BTC
AGLDBUSD,AGLD,BUSD
AGLDUSDT,AGLD,USDT
RADBTC,RAD,BTC
RADBNB,RAD,BNB
RADBUSD,RAD,BUSD
RADUSDT,RAD,USDT
HIVEBUSD,HIVE,BUSD
STPTBUSD,STPT,BUSD
BETABTC,BETA,BTC
BETABNB,BETA,BNB
BETABUSD,BETA,BUSD
BETAUSDT,BETA,USDT
RAREBTC,RARE,BTC
RAREBNB,RARE,BNB
RAREBUSD,RARE,BUSD
RAREUSDT,RARE,USDT
TROYBUSD,TROY,BUSD
AXSETH,AXS,ETH
FTMETH,FTM,ETH
SOLETH,SOL,ETH
SSVBTC,SSV,BTC
SSVETH,SSV,ETH
LAZIOBTC,LAZIO,BTC
LAZIOUSDT,LAZIO,USDT
CHESSBTC,CHESS,BTC
CHESSBUSD,CHESS,BUSD
CHESSUSDT,CHESS,USDT
SCRTBUSD,SCRT,BUSD
ADXUSDT,ADX,USDT
AUCTIONUSDT,AUCTION,USDT
CELOBUSD,CELO,BUSD
DARUSDT,DAR,USDT
DARBUSD,DAR,BUSD
DARBNB,DAR,BNB
DARBTC,DAR,BTC
BNXBTC,BNX,BTC
BNXBNB,BNX,BNB
BNXBUSD,BNX,BUSD
BNXUSDT,BNX,USDT
LAZIOBUSD,LAZIO,BUSD
OXTBUSD,OXT,BUSD
MOVRBTC,MOVR,BTC
MOVRBUSD,MOVR,BUSD
MOVRUSDT,MOVR,USDT
CITYBTC,CITY,BTC
CITYBNB,CITY,BNB
CITYBUSD,CITY,BUSD
CITYUSDT,CITY,USDT
ENSBTC,ENS,BTC
ENSBNB,ENS,BNB
ENSBUSD,ENS,BUSD
ENSUSDT,ENS,USDT
SANDETH,SAND,ETH
DOTETH,DOT,ETH
MATICETH,MATIC,ETH
ANKRBUSD,ANKR,BUSD
KP3RUSDT,KP3R,USDT
QIUSDT,QI,USDT
QIBUSD,QI,BUSD
QIBTC,QI,BTC
PORTOBTC,PORTO,BTC
PORTOUSDT,PORTO,USDT
POWRUSDT,POWR,USDT
POWRBUSD,POWR,BUSD
AVAXETH,AVAX,ETH
CHRETH,CHR,ETH
VGXUSDT,VGX,USDT
GALAETH,GALA,ETH
JASMYUSDT,JASMY,USDT
JASMYBUSD,JASMY,BUSD
JASMYBNB,JASMY,BNB
JASMYBTC,JASMY,BTC
AMPBTC,AMP,BTC
AMPBUSD,AMP,BUSD
AMPUSDT,AMP,USDT
PLABTC,PLA,BTC
PLABNB,PLA,BNB
PLABUSD,PLA,BUSD
PLAUSDT,PLA,USDT
PYRBTC,PYR,BTC
PYRBUSD,PYR,BUSD
PYRUSDT,PYR,USDT
RNDRBTC,RNDR,BTC
RNDRUSDT,RNDR,USDT
RNDRBUSD,RNDR,BUSD
ALCXBTC,ALCX,BTC
ALCXBUSD,ALCX,BUSD
ALCXUSDT,ALCX,USDT
SANTOSBTC,SANTOS,BTC
SANTOSUSDT,SANTOS,USDT
MCBTC,MC,BTC
MCBUSD,MC,BUSD
MCUSDT,MC,USDT
COCOSBUSD,COCOS,BUSD
BICOBTC,BICO,BTC
BICOBUSD,BICO,BUSD
BICOUSDT,BICO,USDT
FLUXBTC,FLUX,BTC
FLUXBUSD,FLUX,BUSD
FLUXUSDT,FLUX,USDT
FXSUSDT,FXS,USDT
REQBUSD,REQ,BUSD
VOXELBTC,VOXEL,BTC
VOXELBNB,VOXEL,BNB
VOXELBUSD,VOXEL,BUSD
VOXELUSDT,VOXEL,USDT
COSBUSD,COS,BUSD
CTXCBUSD,CTXC,BUSD
MANABNB,MANA,BNB
HIGHBTC,HIGH,BTC
HIGHBUSD,HIGH,BUSD
HIGHUSDT,HIGH,USDT
CVXBTC,CVX,BTC
CVXBUSD,CVX,BUSD
CVXUSDT,CVX,USDT
PEOPLEBTC,PEOPLE,BTC
PEOPLEBUSD,PEOPLE,BUSD
PEOPLEUSDT,PEOPLE,USDT
OOKIBUSD,OOKI,BUSD
OOKIUSDT,OOKI,USDT
LINKBNB,LINK,BNB
MDTBUSD,MDT,BUSD
NULSBUSD,NULS,BUSD
SPELLUSDT,SPELL,USDT
SPELLBUSD,SPELL,BUSD
JOEBTC,JOE,BTC
JOEBUSD,JOE,BUSD
JOEUSDT,JOE,USDT
ATOMETH,ATOM,ETH
DUSKBUSD,DUSK,BUSD
EGLDETH,EGLD,ETH
ICPETH,ICP,ETH
NEARETH,NEAR,ETH
ROSEBNB,ROSE,BNB
VOXELETH,VOXEL,ETH
ALICEBNB,ALICE,BNB
LRCBNB,LRC,BNB
ONEETH,ONE,ETH
OOKIBNB,OOKI,BNB
ACHBTC,ACH,BTC
ACHBUSD,ACH,BUSD
ACHUSDT,ACH,USDT
IMXBTC,IMX,BTC
IMXBUSD,IMX,BUSD
IMXUSDT,IMX,USDT
GLMRBTC,GLMR,BTC
GLMRBUSD,GLMR,BUSD
GLMRUSDT,GLMR,USDT
JASMYETH,JASMY,ETH
OOKIETH,OOKI,ETH
ROSEETH,ROSE,ETH
UMABUSD,UMA,BUSD
UNIETH,UNI,ETH
XTZETH,XTZ,ETH
LOKABTC,LOKA,BTC
LOKABNB,LOKA,BNB
LOKABUSD,LOKA,BUSD
LOKAUSDT,LOKA,USDT
CRVETH,CRV,ETH
HIGHBNB,HIGH,BNB
SCRTUSDT,SCRT,USDT
API3BTC,API3,BTC
API3BUSD,API3,BUSD
API3USDT,API3,USDT
BTTCUSDT,BTTC,USDT
ACABTC,ACA,BTC
ACABUSD,ACA,BUSD
ACAUSDT,ACA,USDT
ANCBTC,ANC,BTC
ANCBUSD,ANC,BUSD
ANCUSDT,ANC,USDT
XNOBTC,XNO,BTC
XNOETH,XNO,ETH
XNOBUSD,XNO,BUSD
XNOUSDT,XNO,USDT
KAVAETH,KAVA,ETH
MCBNB,MC,BNB
WOOBTC,WOO,BTC
WOOBNB,WOO,BNB
WOOBUSD,WOO,BUSD
WOOUSDT,WOO,USDT
CELRETH,CELR,ETH
PEOPLEBNB,PEOPLE,BNB
SLPBNB,SLP,BNB
TFUELBUSD,TFUEL,BUSD
IDEXBNB,IDEX,BNB
ALPINEUSDT,ALPINE,USDT
ALPINEBTC,ALPINE,BTC
TUSDT,T,USDT
TBUSD,T,BUSD
BETAETH,BETA,ETH
ASTRBUSD,ASTR,BUSD
ASTRUSDT,ASTR,USDT
GLMRBNB,GLMR,BNB
NBTUSDT,NBT,USDT
GMTBTC,GMT,BTC
GMTBNB,GMT,BNB
GMTBUSD,GMT,BUSD
GMTUSDT,GMT,USDT
ANCBNB,ANC,BNB
KSMETH,KSM,ETH
KDABTC,KDA,BTC
KDABUSD,KDA,BUSD
KDAUSDT,KDA,USDT
APEUSDT,APE,USDT
APEBUSD,APE,BUSD
APEBTC,APE,BTC
ALPINEBUSD,ALPINE,BUSD
BSWUSDT,BSW,USDT
BSWBUSD,BSW,BUSD
BSWBNB,BSW,BNB
APEBNB,APE,BNB
GMTETH,GMT,ETH
SANTOSBUSD,SANTOS,BUSD
BIFIUSDT,BIFI,USDT
IMXBNB,IMX,BNB
RUNEETH,RUNE,ETH
MULTIBTC,MULTI,BTC
MULTIBUSD,MULTI,BUSD
MULTIUSDT,MULTI,USDT
APEETH,APE,ETH
BSWETH,BSW,ETH
ASTRBTC,ASTR,BTC
ASTRETH,ASTR,ETH
FTTETH,FTT,ETH
FUNBNB,FUN,BNB
PORTOBUSD,PORTO,BUSD
STEEMUSDT,STEEM,USDT
BTTCBUSD,BTTC,BUSD
MBLBUSD,MBL,BUSD
MOBUSDT,MOB,USDT
MOBBUSD,MOB,BUSD
MOBBTC,MOB,BTC
NEXOUSDT,NEXO,USDT
NEXOBUSD,NEXO,BUSD
NEXOBTC,NEXO,BTC
REIUSDT,REI,USDT
REIBNB,REI,BNB
REIETH,REI,ETH
GALUSDT,GAL,USDT
GALBUSD,GAL,BUSD
GALBNB,GAL,BNB
GALBTC,GAL,BTC
KNCBNB,KNC,BNB
LDOBUSD,LDO,BUSD
LDOUSDT,LDO,USDT
LDOBTC,LDO,BTC
DARETH,DAR,ETH
ALGOETH,ALGO,ETH
GALETH,GAL,ETH
EPXUSDT,EPX,USDT
EPXBUSD,EPX,BUSD
STEEMBUSD,STEEM,BUSD
CVCBUSD,CVC,BUSD
REIBUSD,REI,BUSD
DREPBUSD,DREP,BUSD
AKROBUSD,AKRO,BUSD
PUNDIXBUSD,PUNDIX,BUSD
LUNCBUSD,LUNC,BUSD
USTCBUSD,USTC,BUSD
OPBTC,OP,BTC
OPBUSD,OP,BUSD
OPUSDT,OP,USDT
OGBUSD,OG,BUSD
KEYBUSD,KEY,BUSD
ASRBUSD,ASR,BUSD
FIROBUSD,FIRO,BUSD
NKNBUSD,NKN,BUSD
OPBNB,OP,BNB
